символизация,нормализованные потери,марка,вид топлива,стремление,количество дверей,тип кузова,ведущий мост,расположение двигателя,колесная база,длина,ширина,высота,снаряженная масса,тип двигателя,количество цилиндров,объем двигателя,топливная система,диаметр отверстия,ход,степень сжатия,мощность двигателя,пиковые обороты,городской режим,шоссейный режим,цена
1.7822151188573638,-0.20620269780137498,alfa-romero,gas,std,two,convertible,rwd,front,-1.6780149186221103,-0.44287242897939294,-0.8390804491182454,-2.1170915075113426,-0.02564604393635342,dohc,four,0.04509803509331155,mpfi,3.47,2.68,-0.28752473721971916,111,5000,-0.6772919807504212,-0.5556131438227186,0.025957713158758302
1.7822151188573638,-0.20620269780137498,alfa-romero,gas,std,two,convertible,rwd,front,-1.6780149186221103,-0.44287242897939294,-0.8390804491182454,-2.1170915075113426,-0.02564604393635342,dohc,four,0.04509803509331155,mpfi,3.47,2.68,-0.28752473721971916,111,5000,-0.6772919807504212,-0.5556131438227186,0.3974460564559639
0.1635444462010287,-0.20620269780137498,alfa-romero,gas,std,two,hatchback,rwd,front,-0.7190409724063022,-0.2505430561092886,-0.1842002141334101,-0.6138159025865797,0.4964727830379302,ohcv,six,0.5740655958839219,mpfi,2.68,3.47,-0.28752473721971916,154,5000,-0.9903874353248674,-0.7023071749551192,0.3974460564559639
0.9728797825291965,1.3635213195682572,audi,gas,std,four,sedan,fwd,front,0.14241019961806653,0.18219803284845068,0.1432399033590076,0.17957955556815544,-0.4262535802693492,ohc,four,-0.45982554566136197,mpfi,3.19,3.40,-0.03610993890780454,102,5500,-0.20764879888875193,-0.11553105042551742,0.08220636414053153
0.9728797825291965,1.3635213195682572,audi,gas,std,four,sedan,4wd,front,0.0773950168237759,0.18219803284845068,0.23679422264255645,0.17957955556815544,0.4983713969542003,ohc,five,0.18936191530893254,mpfi,3.19,3.40,-0.5389395355316339,115,5500,-1.1469351626120905,-1.2890832994847208,0.5148882947695564
0.9728797825291965,-0.20620269780137498,audi,gas,std,two,sedan,fwd,front,0.14241019961806653,0.23829409993556633,0.1900170630007787,-0.32151231274009695,-0.10348921450342843,ohc,five,0.18936191530893254,mpfi,3.19,3.40,-0.4132321363756765,110,5500,-0.9903874353248674,-0.8490012060875195,0.24291679551702647
0.1635444462010287,1.178847905760065,audi,gas,std,four,sedan,fwd,front,1.1176379415324469,1.472407575852079,2.5756522047312447,0.764186735261121,0.5363436752796027,ohc,five,0.18936191530893254,mpfi,3.19,3.40,-0.4132321363756765,110,5500,-0.9903874353248674,-0.8490012060875195,0.5470303810448554
0.1635444462010287,-0.20620269780137498,audi,gas,std,four,wagon,fwd,front,1.1176379415324469,1.472407575852079,2.5756522047312447,0.764186735261121,0.7451912060693161,ohc,five,0.18936191530893254,mpfi,3.19,3.40,-0.4132321363756765,110,5500,-0.9903874353248674,-0.8490012060875195,0.6966147056337468
0.1635444462010287,1.178847905760065,audi,gas,turbo,four,sedan,fwd,front,1.1176379415324469,1.472407575852079,2.5756522047312447,0.8477020466458283,0.9958082430169722,ohc,five,0.06914201512924839,mpfi,3.13,3.40,-0.4635150960380593,140,5500,-1.3034828898993138,-1.5824713617495214,1.309168695995695
0.9728797825291965,2.225330584006486,bmw,gas,std,two,sedan,rwd,front,0.3699633393980895,0.19822548058762754,-0.5116403316258278,0.17957955556815544,-0.31613397312568203,ohc,four,-0.4838695256972988,mpfi,3.50,2.80,-0.337807696882102,101,5800,-0.36419652617597503,-0.26222508155791785,0.3887924178433835
-0.6457908901271389,2.225330584006486,bmw,gas,std,four,sedan,rwd,front,0.3699633393980895,0.19822548058762754,-0.5116403316258278,0.17957955556815544,-0.31613397312568203,ohc,four,-0.4838695256972988,mpfi,3.50,2.80,-0.337807696882102,101,5800,-0.36419652617597503,-0.26222508155791785,0.4499860051752027
-0.6457908901271389,2.102214974801025,bmw,gas,std,two,sedan,rwd,front,0.3699633393980895,0.19822548058762754,-0.5116403316258278,0.17957955556815544,0.2819294104994064,ohc,six,0.8625933563151639,mpfi,3.31,3.19,-0.28752473721971916,121,4250,-0.6772919807504212,-0.4089191126903182,0.9500426935736043
-0.6457908901271389,2.102214974801025,bmw,gas,std,four,sedan,rwd,front,0.3699633393980895,0.19822548058762754,-0.5116403316258278,0.17957955556815544,0.3863531758942631,ohc,six,0.8625933563151639,mpfi,3.31,3.19,-0.28752473721971916,121,4250,-0.6772919807504212,-0.4089191126903182,0.9667318537550095
0.1635444462010287,-0.20620269780137498,bmw,gas,std,four,sedan,rwd,front,0.7438006404652682,1.175899792677333,0.4706800208514253,0.764186735261121,0.9369512116125985,ohc,six,0.8625933563151639,mpfi,3.31,3.19,-0.28752473721971916,121,4250,-0.8338397080376443,-0.8490012060875195,1.3944688480339884
-0.6457908901271389,-0.20620269780137498,bmw,gas,std,four,sedan,rwd,front,0.7438006404652682,1.175899792677333,0.4706800208514253,0.764186735261121,1.2692086469598698,ohc,six,1.9445724579323216,mpfi,3.62,3.39,-0.5389395355316339,182,5400,-1.4600306171865367,-1.2890832994847208,2.1603158652473624
-0.6457908901271389,-0.20620269780137498,bmw,gas,std,four,sedan,rwd,front,1.8002973608725135,1.8169977022443533,2.341766406522376,1.0147326694152456,1.7913274739341534,ohc,six,1.9445724579323216,mpfi,3.62,3.39,-0.5389395355316339,182,5400,-1.61657834447376,-1.5824713617495214,2.9168911268044
0.1635444462010287,-0.667886232321855,chevrolet,gas,std,two,hatchback,fwd,front,-0.7190409724063022,-1.4766428081562137,-1.0729662473271109,-0.7808465253559972,-1.3053118235024155,ohc,four,-0.9166611663441618,2bbl,3.03,3.11,-0.1366758582325705,70,5400,1.9840193831323718,1.791491354295688,-0.8641308298495214
-0.6457908901271389,-1.1911275714450655,chevrolet,gas,std,four,sedan,fwd,front,-0.7190409724063022,-1.2442448159381683,-1.0729662473271109,-0.7808465253559972,-1.2388603364329613,ohc,four,-0.9166611663441618,2bbl,3.03,3.11,-0.1366758582325705,70,5400,1.9840193831323718,1.791491354295688,-0.8295162753991994
0.1635444462010287,-0.05230818629454833,dodge,gas,std,two,hatchback,fwd,front,-0.8490713379948859,-1.3644506739819846,-0.9794119280435654,-1.2819383936642526,-1.3015145956698753,ohc,four,-0.9166611663441618,2bbl,2.97,3.23,-0.18444466991183417,68,5500,1.8274716558451485,1.4981032920308874,-0.9535105543766028
0.1635444462010287,-0.05230818629454833,dodge,gas,std,two,hatchback,fwd,front,-0.8490713379948859,-1.3644506739819846,-0.9794119280435654,-1.2819383936642526,-1.3015145956698753,ohc,four,-0.9166611663441618,2bbl,2.97,3.23,-0.18695881789495328,68,5500,0.88818529212181,1.058021198633686,-0.8539937103319271
0.1635444462010287,-0.05230818629454833,dodge,gas,turbo,two,hatchback,fwd,front,-0.8490713379948859,-1.3644506739819846,-0.9794119280435654,-1.2819383936642526,-0.8230638887698047,ohc,four,-0.7243093260566672,mpfi,3.03,3.39,-0.6395054548563999,102,5500,-0.20764879888875193,-0.11553105042551742,-0.6586687245051102
0.1635444462010287,0.8710588827464116,dodge,gas,std,four,hatchback,fwd,front,-0.8490713379948859,-1.3644506739819846,-0.9794119280435654,-1.3654537050489597,-1.1287407292892944,ohc,four,-0.9166611663441618,2bbl,2.97,3.23,-0.18695881789495328,68,5500,0.88818529212181,1.058021198633686,-0.8722899748270972
0.1635444462010287,0.8710588827464116,dodge,gas,std,four,sedan,fwd,front,-0.8490713379948859,-1.3644506739819846,-0.9794119280435654,-1.3654537050489597,-1.0869712231313515,ohc,four,-0.9166611663441618,2bbl,2.97,3.23,-0.18695881789495328,68,5500,0.88818529212181,1.058021198633686,-0.8150523365753148
0.1635444462010287,0.8710588827464116,dodge,gas,std,four,sedan,fwd,front,-0.8490713379948859,-1.3644506739819846,-0.9794119280435654,-1.3654537050489597,-1.0869712231313515,ohc,four,-0.9166611663441618,2bbl,2.97,3.23,-0.18695881789495328,68,5500,0.88818529212181,1.058021198633686,-0.7016896707505104
-1.4551262264553066,-0.298539404705471,dodge,gas,std,four,wagon,fwd,front,0.7112930490681216,0.02192355545669556,-0.6051946509093766,2.476250618647654,-0.050328024847865006,ohc,four,-0.14725380519418316,2bbl,3.34,3.46,-0.4132321363756765,88,5000,-0.20764879888875193,-0.11553105042551742,-0.5394957584690016
1.7822151188573638,0.7787221758423157,dodge,gas,turbo,two,hatchback,fwd,front,-0.49148783262627926,-0.09026857871753347,0.1900170630007787,-1.5324843278183773,0.4736894160426887,ohc,four,0.6702415160276693,mfi,3.60,3.90,-0.7903543338435486,145,5000,-0.9903874353248674,-0.9956952372199199,-0.03968631688810233
0.9728797825291965,0.532490957431393,honda,gas,std,two,hatchback,fwd,front,-2.0030908325935703,-2.382193605419631,-0.9326347684017909,-1.2819383936642526,-1.4097355888972722,ohc,four,-0.8685732062722881,1bbl,2.91,3.41,-0.23724177755733647,76,6000,0.88818529212181,1.058021198633686,-0.7949017209488773
0.1635444462010287,-0.575549525417759,honda,gas,std,two,hatchback,fwd,front,-0.8490713379948859,-1.9494525164618917,-0.8858576087600165,-0.5303005912018695,-1.37556053840441,ohc,four,-1.181144946739467,1bbl,2.91,3.07,-0.010968459076613162,60,5500,1.9840193831323718,1.6447973231632875,-0.9748974040905517
0.1635444462010287,-0.575549525417759,honda,gas,std,two,hatchback,fwd,front,-0.8490713379948859,-1.9494525164618917,-0.8858576087600165,-0.5303005912018695,-1.1800033050285876,ohc,four,-0.8685732062722881,1bbl,2.91,3.41,-0.23724177755733647,76,6000,0.7316375648345869,0.4712450741040842,-0.8352029522017522
0.1635444462010287,-0.575549525417759,honda,gas,std,two,hatchback,fwd,front,-0.8490713379948859,-1.9494525164618917,-0.8858576087600165,-0.5303005912018695,-1.1496254823682657,ohc,four,-0.8685732062722881,1bbl,2.91,3.41,-0.23724177755733647,76,6000,0.7316375648345869,0.4712450741040842,-0.7610289069510623
-0.6457908901271389,-0.298539404705471,honda,gas,std,four,sedan,fwd,front,-0.39396505843484214,-0.8756135179371322,-0.8858576087600165,0.2630948669528656,-1.0471003308896791,ohc,four,-0.8685732062722881,1bbl,2.91,3.41,-0.23724177755733647,76,6000,0.7316375648345869,0.4712450741040842,-0.7405074210983714
-0.6457908901271389,-1.2834642783491617,honda,gas,std,four,wagon,fwd,front,-0.39396505843484214,-1.3804781217211615,-0.9326347684017909,1.8498857832623359,-1.0205197360618974,ohc,four,-0.8685732062722881,1bbl,2.92,3.41,-0.23724177755733647,76,6000,0.7316375648345869,0.4712450741040842,-0.7405074210983714
-0.6457908901271389,-0.42165501391093235,honda,gas,std,two,hatchback,fwd,front,-0.39396505843484214,-0.5470508392840346,-0.32453169305873003,-0.2379970013553897,-0.6180135858126314,ohc,four,-0.43578156562542514,1bbl,3.15,3.58,-0.28752473721971916,86,5800,0.26199438297291744,0.32455104297168386,-0.6663333758476814
-0.6457908901271389,-0.42165501391093235,honda,gas,std,two,hatchback,fwd,front,-0.39396505843484214,-0.5470508392840346,-0.32453169305873003,-0.2379970013553897,-0.517387048250315,ohc,four,-0.43578156562542514,1bbl,3.15,3.58,-0.28752473721971916,86,5800,0.26199438297291744,0.32455104297168386,-0.5179852853463015
-0.6457908901271389,-1.0680119622396043,honda,gas,std,four,sedan,fwd,front,-0.39396505843484214,0.08603334641339852,-0.32453169305873003,0.09606424418344818,-0.48890783950626315,ohc,four,-0.43578156562542514,1bbl,3.15,3.58,-0.28752473721971916,86,5800,0.26199438297291744,0.32455104297168386,-0.5488911375340889
-0.6457908901271389,-1.0680119622396043,honda,gas,std,four,sedan,fwd,front,-0.39396505843484214,0.08603334641339852,-1.587515003386623,0.09606424418344818,-0.35980209319989487,ohc,four,-0.43578156562542514,1bbl,3.15,3.58,-0.28752473721971916,86,5800,0.26199438297291744,0.32455104297168386,-0.3696371948449215
-0.6457908901271389,-1.0680119622396043,honda,gas,std,four,sedan,fwd,front,-0.39396505843484214,0.08603334641339852,-0.32453169305873003,0.09606424418344818,-0.18323099898677353,ohc,four,-0.43578156562542514,mpfi,3.15,3.58,-0.28752473721971916,101,5800,-0.20764879888875193,-0.4089191126903182,-0.042035161654374174
0.1635444462010287,-0.39087611160956703,honda,gas,std,two,sedan,fwd,front,-0.39396505843484214,-0.41883125737063104,0.049685584075458755,-1.1984230822795425,-0.5097925925852345,ohc,four,-0.43578156562542514,2bbl,3.15,3.58,-0.2623832573885278,100,5500,-0.0511010716015288,0.031162980706882993,-0.363456024407364
-0.6457908901271389,-0.20620269780137498,isuzu,gas,std,four,sedan,rwd,front,-0.7515485638034487,-0.2906116754572274,-1.9149551208790407,-0.1544816899706795,-0.4262535802693492,ohc,four,-0.41173758558948825,2bbl,3.31,3.23,-0.4132321363756765,78,4800,-0.20764879888875193,-0.26222508155791785,-0.8035553595614578
0.9728797825291965,-0.20620269780137498,isuzu,gas,std,two,hatchback,rwd,front,-0.47523403692770716,-0.13835092193505955,-0.32453169305873003,-1.031392459510125,0.3274961444898893,ohc,four,-0.21938574530199365,spfi,3.43,3.23,-0.23724177755733647,90,5000,-0.20764879888875193,-0.26222508155791785,-0.2765487680553056
-0.6457908901271389,0.7787221758423157,jaguar,gas,std,four,sedan,rwd,front,2.2879112318297037,2.0253545228536347,1.7336633311793115,-0.4467852798171623,2.8564498809616916,dohc,six,3.1227274796932263,mpfi,3.63,4.17,-0.5137980557004425,176,4750,-1.61657834447376,-1.729165392881922,2.3445147442865757
-0.6457908901271389,-0.20620269780137498,jaguar,gas,std,four,sedan,rwd,front,2.2879112318297037,2.0253545228536347,1.7336633311793115,-0.4467852798171623,2.8564498809616916,dohc,six,3.1227274796932263,mpfi,3.63,4.17,-0.5137980557004425,176,4750,-1.61657834447376,-1.729165392881922,2.7524719931653707
0.1635444462010287,-0.48321281851366304,mazda,gas,std,two,hatchback,fwd,front,-0.9465941121863252,-1.2202036443294064,-0.7923032894764677,0.09606424418344818,-1.2749340008420937,ohc,four,-0.892617186308225,2bbl,3.03,3.15,-0.28752473721971916,68,5000,0.7316375648345869,0.031162980706882993,-1.0001165794757862
0.1635444462010287,-0.48321281851366304,mazda,gas,std,two,hatchback,fwd,front,-0.9465941121863252,-1.2202036443294064,-0.7923032894764677,0.09606424418344818,-1.2559478616793924,ohc,four,-0.892617186308225,2bbl,3.03,3.15,-0.28752473721971916,68,5000,0.88818529212181,1.058021198633686,-0.8888555115997514
0.1635444462010287,-0.48321281851366304,mazda,gas,std,two,hatchback,fwd,front,-0.9465941121863252,-1.2202036443294064,-0.7923032894764677,0.09606424418344818,-1.2464547920980418,ohc,four,-0.892617186308225,2bbl,3.03,3.15,-0.28752473721971916,68,5000,0.88818529212181,1.058021198633686,-0.8023191254739463
0.1635444462010287,-0.20620269780137498,mazda,gas,std,four,sedan,fwd,front,-0.9465941121863252,-0.603146906371148,-0.7923032894764677,0.09606424418344818,-1.170510235447237,ohc,four,-0.892617186308225,2bbl,3.03,3.15,-0.28752473721971916,68,5000,0.88818529212181,1.058021198633686,-0.8146814663490614
0.1635444462010287,-0.20620269780137498,mazda,gas,std,four,sedan,fwd,front,-0.9465941121863252,-0.603146906371148,-0.7923032894764677,0.09606424418344818,-1.1610171658658863,ohc,four,-0.892617186308225,2bbl,3.08,3.15,-0.28752473721971916,68,5000,0.88818529212181,1.058021198633686,-0.7281450802232564
0.1635444462010287,0.2862597390204703,mazda,gas,std,two,hatchback,fwd,front,-0.020127757367663503,0.2783627192835051,0.28357138228432754,-0.07096637858596928,-0.3351201122883833,ohc,four,-0.14725380519418316,2bbl,3.39,3.39,-0.38809065654448516,84,4800,0.10544665568569431,0.17785701183928343,-0.5488911375340889
-0.6457908901271389,-0.14464489319864432,mazda,gas,std,four,sedan,fwd,front,-0.020127757367663503,0.2783627192835051,0.28357138228432754,0.6806714238764108,-0.28765476438163023,ohc,four,-0.14725380519418316,2bbl,3.39,3.39,-0.38809065654448516,84,4800,0.10544665568569431,0.17785701183928343,-0.5921593305969914
0.1635444462010287,0.2862597390204703,mazda,gas,std,two,hatchback,fwd,front,-0.020127757367663503,0.2783627192835051,0.28357138228432754,-0.07096637858596928,-0.3351201122883833,ohc,four,-0.14725380519418316,2bbl,3.39,3.39,-0.38809065654448516,84,4800,0.10544665568569431,0.17785701183928343,-0.33255017221957656
-0.6457908901271389,-0.14464489319864432,mazda,gas,std,four,sedan,fwd,front,-0.020127757367663503,0.2783627192835051,0.28357138228432754,0.6806714238764108,-0.28765476438163023,ohc,four,-0.14725380519418316,2bbl,3.39,3.39,-0.38809065654448516,84,4800,0.10544665568569431,0.17785701183928343,-0.375818365282479
-0.6457908901271389,-0.14464489319864432,mazda,gas,std,four,hatchback,fwd,front,-0.020127757367663503,0.2783627192835051,0.28357138228432754,0.6806714238764108,-0.2591755556375784,ohc,four,-0.14725380519418316,2bbl,3.39,3.39,-0.38809065654448516,84,4800,0.10544665568569431,0.17785701183928343,-0.25219495653132906
-0.6457908901271389,-0.05230818629454833,mazda,gas,std,four,sedan,rwd,front,0.9713537802452911,0.053978450935047044,0.09646274371722986,0.22133721126051054,0.2059848538486015,ohc,four,0.2855378354526799,mpfi,3.76,3.16,-0.5389395355316339,120,5000,-0.9903874353248674,-0.5556131438227186,0.6174957240330109
-0.6457908901271389,-0.20620269780137498,mazda,diesel,std,four,sedan,rwd,front,0.9713537802452911,0.053978450935047044,0.09646274371722986,0.22133721126051054,0.26294327133670514,ohc,four,0.14127395523705888,idi,3.43,3.64,2.980867640835172,72,4200,0.88818529212181,1.2047152297660866,0.6254076221930844
-1.4551262264553066,-0.8217807438286816,mercedes-benz,diesel,turbo,four,sedan,rwd,front,1.8002973608725135,1.3281605461995007,2.0611034486717297,1.0982479807999557,1.8103136130968547,ohc,five,1.319428976997964,idi,3.58,3.64,2.8551602416792146,123,4350,-0.5207442534631981,-0.8490012060875195,1.5164851524713734
-1.4551262264553066,-0.8217807438286816,mercedes-benz,diesel,turbo,four,wagon,rwd,front,1.8002973608725135,1.3281605461995007,2.0611034486717297,2.0169164060317564,2.2564878834203332,ohc,five,1.319428976997964,idi,3.58,3.64,2.8551602416792146,123,4350,-0.5207442534631981,-0.8490012060875195,1.8497738624644737
-0.6457908901271389,-0.8217807438286816,mercedes-benz,diesel,turbo,two,hardtop,rwd,front,1.2639221028196048,1.0556939346335166,2.0611034486717297,0.4301254897222831,1.7723413347714523,ohc,five,1.319428976997964,idi,3.58,3.64,2.8551602416792146,123,4350,-0.5207442534631981,-0.8490012060875195,1.8408729770343908
-1.4551262264553066,-0.8217807438286816,mercedes-benz,diesel,turbo,four,sedan,rwd,front,2.7105099199926004,2.2657662389412674,2.7159836836565647,1.0147326694152456,2.2944601617457354,ohc,five,1.319428976997964,idi,3.58,3.64,2.8551602416792146,123,4350,-0.5207442534631981,-0.8490012060875195,2.2641595285983285
-1.4551262264553066,-0.20620269780137498,mercedes-benz,gas,std,four,sedan,rwd,front,2.7105099199926004,2.2657662389412674,2.7159836836565647,1.0982479807999557,2.237501744257632,ohcv,eight,2.5456719588307424,mpfi,3.46,3.10,-0.4635150960380593,155,4750,-1.4600306171865367,-1.8758594240143223,2.5836024168112997
1.7822151188573638,0.6863854689382197,mercedes-benz,gas,std,two,convertible,rwd,front,-0.37771126273627004,0.47870581602319895,2.1546577679552783,-1.2819383936642526,2.133077978862775,ohcv,eight,2.5456719588307424,mpfi,3.46,3.10,-0.4635150960380593,155,4750,-1.4600306171865367,-1.8758594240143223,2.6914020292423024
0.1635444462010287,-0.20620269780137498,mercury,gas,turbo,two,hatchback,rwd,front,0.6137702748766846,0.32644506250103117,0.985228776910934,0.38836783402992797,0.6616521937534308,ohc,four,0.2855378354526799,mpfi,3.78,3.12,-0.5389395355316339,175,5000,-0.9903874353248674,-0.9956952372199199,0.3978169266822174
0.9728797825291965,1.271184612664161,mitsubishi,gas,std,two,hatchback,fwd,front,-0.8490713379948859,-1.3644506739819846,-0.6987489701929187,-1.2819383936642526,-1.2217728111865302,ohc,four,-0.8685732062722881,2bbl,2.97,3.23,-0.18695881789495328,68,5500,1.8274716558451485,1.4981032920308874,-0.9761336381780632
0.9728797825291965,1.271184612664161,mitsubishi,gas,std,two,hatchback,fwd,front,-0.8490713379948859,-1.3644506739819846,-0.6987489701929187,-1.2819383936642526,-1.172408849363507,ohc,four,-0.8685732062722881,2bbl,2.97,3.23,-0.18695881789495328,68,5500,0.88818529212181,1.058021198633686,-0.8772349111771433
0.9728797825291965,1.271184612664161,mitsubishi,gas,std,two,hatchback,fwd,front,-0.8490713379948859,-1.3644506739819846,-0.6987489701929187,-1.2819383936642526,-1.0584920143872998,ohc,four,-0.8685732062722881,2bbl,2.97,3.23,-0.18695881789495328,68,5500,0.88818529212181,1.058021198633686,-0.8178956749765913
0.1635444462010287,1.271184612664161,mitsubishi,gas,turbo,two,hatchback,fwd,front,-0.9628479078848973,-1.3644506739819846,-0.9794119280435654,-1.2819383936642526,-0.7907874521932127,ohc,four,-0.7243093260566672,spdi,3.03,3.39,-0.6395054548563999,102,5500,-0.20764879888875193,-0.11553105042551742,-0.6917997980504184
1.7822151188573638,1.0249533942532383,mitsubishi,gas,turbo,two,hatchback,fwd,front,-0.4264726498319886,-0.10629602645670808,-0.23097737377518118,-1.8665455733572152,-0.3635993210324351,ohc,four,-0.43578156562542514,spdi,3.17,3.46,-0.6646469346875913,116,5500,-0.36419652617597503,-0.11553105042551742,-0.4111746601853079
1.7822151188573638,1.0249533942532383,mitsubishi,gas,std,two,hatchback,fwd,front,-0.4264726498319886,-0.10629602645670808,-0.23097737377518118,-1.8665455733572152,-0.44334110551578026,ohc,four,-0.14725380519418316,2bbl,3.35,3.46,-0.4132321363756765,88,5000,-0.0511010716015288,0.17785701183928343,-0.5916648369619869
1.7822151188573638,-0.20620269780137498,mitsubishi,gas,turbo,two,hatchback,fwd,front,-0.49148783262627926,-0.09026857871753347,0.1900170630007787,-1.5324843278183773,0.5154589222006314,ohc,four,0.6702415160276693,spdi,3.58,3.86,-0.7903543338435486,145,5000,-0.9903874353248674,-0.9956952372199199,-0.08110015881973756
1.7822151188573638,-0.20620269780137498,mitsubishi,gas,turbo,two,hatchback,fwd,front,-0.49148783262627926,-0.09026857871753347,0.1900170630007787,-1.5324843278183773,0.6825369468324021,ohc,four,0.6702415160276693,spdi,3.59,3.86,-0.7903543338435486,145,5000,-0.9903874353248674,-0.9956952372199199,0.19581627678283833
1.7822151188573638,-0.20620269780137498,mitsubishi,gas,turbo,two,hatchback,fwd,front,-0.49148783262627926,-0.09026857871753347,0.1900170630007787,-1.5324843278183773,0.6920300164137527,ohc,four,0.6702415160276693,spdi,3.59,3.86,-0.7903543338435486,145,5000,-0.9903874353248674,-0.9956952372199199,0.14883938145740136
0.1635444462010287,0.163144129815009,mitsubishi,gas,std,four,sedan,fwd,front,-0.4264726498319886,-0.15437836967423416,-0.23097737377518118,-0.9478771481254147,-0.3730923906137857,ohc,four,-0.14725380519418316,2bbl,3.35,3.46,-0.4132321363756765,88,5000,-0.0511010716015288,0.17785701183928343,-0.7783361841762233
0.1635444462010287,0.163144129815009,mitsubishi,gas,std,four,sedan,fwd,front,-0.4264726498319886,-0.15437836967423416,-0.23097737377518118,-0.9478771481254147,-0.29714783396298083,ohc,four,-0.14725380519418316,2bbl,3.35,3.46,-0.4132321363756765,88,5000,-0.0511010716015288,0.17785701183928343,-0.6299880936748433
0.1635444462010287,0.163144129815009,mitsubishi,gas,turbo,four,sedan,fwd,front,-0.4264726498319886,-0.15437836967423416,-0.23097737377518118,-0.9478771481254147,-0.30094506179552105,ohc,four,-0.43578156562542514,spdi,3.17,3.46,-0.6646469346875913,116,5500,-0.36419652617597503,-0.11553105042551742,-0.4952385781360899
-1.4551262264553066,0.532490957431393,mitsubishi,gas,std,four,sedan,fwd,front,-0.4264726498319886,-0.15437836967423416,-0.23097737377518118,-0.9478771481254147,-0.30094506179552105,ohc,four,-0.43578156562542514,spdi,3.17,3.46,-0.6646469346875913,116,5500,-0.36419652617597503,-0.11553105042551742,-0.4952385781360899
0.1635444462010287,0.255480836719105,nissan,gas,std,two,sedan,fwd,front,-0.7190409724063022,-0.7233527644149643,-0.9794119280435654,0.2630948669528656,-1.2768326147583637,ohc,four,-0.748353306092604,2bbl,3.15,3.29,-0.18695881789495328,69,5200,0.88818529212181,0.9113271675012855,-0.9625350632154367
0.1635444462010287,0.255480836719105,nissan,diesel,std,two,sedan,fwd,front,-0.7190409724063022,-0.7233527644149643,-0.9794119280435654,0.2630948669528656,-1.0338100334757883,ohc,four,-0.604089425876983,idi,2.99,3.47,2.95572616100398,55,4800,3.0798534741429333,2.818349572222491,-0.7647376092135968
0.1635444462010287,0.255480836719105,nissan,gas,std,two,sedan,fwd,front,-0.7190409724063022,-0.7233527644149643,-0.9794119280435654,0.2630948669528656,-1.2217728111865302,ohc,four,-0.748353306092604,2bbl,3.15,3.29,-0.18695881789495328,69,5200,0.88818529212181,0.9113271675012855,-0.8203681431516143
0.1635444462010287,0.070807422910913,nissan,gas,std,four,sedan,fwd,front,-0.7190409724063022,-0.7233527644149643,-0.9794119280435654,0.2630948669528656,-1.1838005328611279,ohc,four,-0.748353306092604,2bbl,3.15,3.29,-0.18695881789495328,69,5200,0.88818529212181,0.9113271675012855,-0.7956434614013843
0.1635444462010287,-0.5139917208150283,nissan,gas,std,four,wagon,fwd,front,-0.7190409724063022,-0.33068029480516614,-0.9794119280435654,-0.1544816899706795,-1.0205197360618974,ohc,four,-0.748353306092604,2bbl,3.15,3.29,-0.18695881789495328,69,5200,0.88818529212181,0.9113271675012855,-0.7338317570258093
0.1635444462010287,0.255480836719105,nissan,gas,std,two,sedan,fwd,front,-0.7190409724063022,-0.7233527644149643,-0.9794119280435654,0.2630948669528656,-1.1591185519496163,ohc,four,-0.748353306092604,2bbl,3.15,3.29,-0.18695881789495328,69,5200,0.88818529212181,0.9113271675012855,-0.7400129274633668
0.1635444462010287,0.255480836719105,nissan,gas,std,two,hatchback,fwd,front,-0.7190409724063022,-0.6993115928062025,-0.9794119280435654,-0.2379970013553897,-1.012925280396817,ohc,four,-0.748353306092604,2bbl,3.15,3.29,-0.18695881789495328,69,5200,0.88818529212181,0.9113271675012855,-0.6782012230877918
0.1635444462010287,0.070807422910913,nissan,gas,std,four,sedan,fwd,front,-0.7190409724063022,-0.7233527644149643,-0.9794119280435654,0.2630948669528656,-1.1211462736242137,ohc,four,-0.748353306092604,2bbl,3.15,3.29,-0.18695881789495328,69,5200,0.88818529212181,0.9113271675012855,-0.7152882457131368
0.1635444462010287,-0.5139917208150283,nissan,gas,std,four,wagon,fwd,front,-0.7190409724063022,-0.33068029480516614,-0.9794119280435654,-0.1544816899706795,-0.9958377551503858,ohc,four,-0.748353306092604,2bbl,3.15,3.29,-0.18695881789495328,69,5200,0.88818529212181,0.9113271675012855,-0.6534765413375618
0.9728797825291965,1.4866369287737184,nissan,gas,std,two,hardtop,fwd,front,-0.6215181982148652,-0.9557507566330097,-0.9794119280435654,-0.2379970013553897,-1.0508975587222193,ohc,four,-0.748353306092604,2bbl,3.15,3.29,-0.18695881789495328,69,5200,0.88818529212181,0.9113271675012855,-0.6225706891497743
-0.6457908901271389,-0.42165501391093235,nissan,gas,std,four,hatchback,fwd,front,-0.28018848854483064,-0.07424113097835659,-0.32453169305873003,0.34661017833757585,-0.45093556118086076,ohc,four,-0.1953417652660568,2bbl,3.33,3.47,-0.4132321363756765,97,5200,0.26199438297291744,0.4712450741040842,-0.5360343030239694
-0.6457908901271389,-0.42165501391093235,nissan,gas,std,four,sedan,fwd,front,-0.28018848854483064,-0.07424113097835659,-0.32453169305873003,0.34661017833757585,-0.4927050673388034,ohc,four,-0.1953417652660568,2bbl,3.33,3.47,-0.4132321363756765,97,5200,0.26199438297291744,0.4712450741040842,-0.4618602577732794
-0.6457908901271389,0.255480836719105,nissan,gas,std,four,sedan,fwd,front,0.23993297380950593,0.5908979501974257,0.28357138228432754,0.5136408011069933,1.0128957682634034,ohcv,six,1.2713410169260901,mpfi,3.43,3.27,-0.28752473721971916,152,5200,-1.3034828898993138,-1.2890832994847208,0.0264522067937629
-0.6457908901271389,-0.3600972093082017,nissan,gas,std,four,wagon,fwd,front,0.23993297380950593,0.8232959424154711,0.28357138228432754,0.9312173580305384,1.3945171654336979,ohcv,six,1.2713410169260901,mpfi,3.43,3.27,-0.28752473721971916,152,5200,-1.3034828898993138,-1.2890832994847208,0.13771327466979785
-0.6457908901271389,-0.3600972093082017,nissan,gas,std,four,sedan,fwd,front,0.23993297380950593,0.8232959424154711,0.28357138228432754,0.5136408011069933,0.9464442811939491,ohcv,six,1.2713410169260901,mpfi,3.43,3.27,-0.28752473721971916,152,5200,-0.9903874353248674,-0.8490012060875195,0.0264522067937629
1.7822151188573638,2.2868883886092166,nissan,gas,std,two,hatchback,rwd,front,-1.2391624347606387,-0.2906116754572274,0.9384516172691629,-1.74127260628015,0.9673290342729204,ohcv,six,1.2713410169260901,mpfi,3.43,3.27,-0.28752473721971916,160,5200,-0.9903874353248674,-0.8490012060875195,0.48385881917301776
1.7822151188573638,2.2868883886092166,nissan,gas,turbo,two,hatchback,rwd,front,-1.2391624347606387,-0.2906116754572274,0.9384516172691629,-1.74127260628015,1.0964347805792887,ohcv,six,1.2713410169260901,mpfi,3.43,3.27,-0.5892224951940168,200,5200,-1.3034828898993138,-1.1423892683523202,0.7929173410508926
-0.6457908901271389,1.271184612664161,peugot,gas,std,four,sedan,rwd,front,1.4589676512024814,0.9915841436768135,1.1723374154780317,1.1817632921846661,0.8704997245431443,l,four,-0.1953417652660568,mpfi,3.46,3.19,-0.43837361620686793,97,5000,-0.9903874353248674,-0.9956952372199199,-0.17122162379932587
-0.6457908901271389,1.271184612664161,peugot,diesel,turbo,four,sedan,rwd,front,1.4589676512024814,0.9915841436768135,1.1723374154780317,1.1817632921846661,1.2065543877229559,l,four,0.5740655958839219,idi,3.70,3.52,2.729452842523257,95,4150,0.41854211026014054,0.32455104297168386,-0.010511192422830934
-0.6457908901271389,-0.20620269780137498,peugot,gas,std,four,wagon,rwd,front,2.48295678021258,1.9692584557665211,1.1723374154780317,2.0169164060317564,1.2692086469598698,l,four,-0.1953417652660568,mpfi,3.46,3.19,-0.43837361620686793,97,5000,-0.9903874353248674,-0.9956952372199199,-0.1044649830737049
-0.6457908901271389,-0.20620269780137498,peugot,diesel,turbo,four,wagon,rwd,front,2.48295678021258,1.9692584557665211,1.1723374154780317,2.0169164060317564,1.6489314302138944,l,four,0.5740655958839219,idi,3.70,3.52,2.729452842523257,95,4150,-0.0511010716015288,-0.8490012060875195,0.07108025735292804
-0.6457908901271389,1.271184612664161,peugot,gas,std,four,sedan,rwd,front,1.4589676512024814,0.9915841436768135,1.1723374154780317,1.1817632921846661,0.9749234899380009,l,four,-0.1953417652660568,mpfi,3.46,2.19,-0.43837361620686793,95,5000,-0.9903874353248674,-0.9956952372199199,0.28371252040490597
-0.6457908901271389,1.271184612664161,peugot,diesel,turbo,four,sedan,rwd,front,1.4589676512024814,0.9915841436768135,1.1723374154780317,1.1817632921846661,1.3109781531178124,l,four,0.5740655958839219,idi,3.70,3.52,2.729452842523257,95,4150,0.41854211026014054,0.32455104297168386,0.44689541995642396
-0.6457908901271389,-0.20620269780137498,peugot,gas,std,four,wagon,rwd,front,2.48295678021258,1.9692584557665211,1.1723374154780317,1.1817632921846661,1.3736324123547266,l,four,-0.1953417652660568,mpfi,3.46,2.19,-0.43837361620686793,95,5000,-0.9903874353248674,-0.9956952372199199,0.4215526211624382
-0.6457908901271389,-0.20620269780137498,peugot,diesel,turbo,four,wagon,rwd,front,2.48295678021258,1.9692584557665211,1.1723374154780317,2.0169164060317564,1.753355195608751,l,four,0.5740655958839219,idi,3.70,3.52,2.729452842523257,95,4150,-0.0511010716015288,-0.8490012060875195,0.46852951648787516
-0.6457908901271389,1.271184612664161,peugot,gas,std,four,sedan,rwd,front,1.4589676512024814,0.9915841436768135,1.1723374154780317,1.1817632921846661,0.9749234899380009,l,four,-0.1953417652660568,mpfi,3.46,3.19,-0.43837361620686793,97,5000,-0.9903874353248674,-0.9956952372199199,0.41351709959361344
-0.6457908901271389,1.271184612664161,peugot,diesel,turbo,four,sedan,rwd,front,1.4589676512024814,0.9915841436768135,1.1723374154780317,1.1817632921846661,1.3109781531178124,l,four,0.5740655958839219,idi,3.70,3.52,2.729452842523257,95,4150,0.41854211026014054,0.32455104297168386,0.5766999991451314
-0.6457908901271389,1.271184612664161,peugot,gas,turbo,four,sedan,rwd,front,1.4752214469010534,0.9915841436768135,1.125560255836254,0.8894597023381834,1.0793472553328576,l,four,0.14127395523705888,mpfi,3.61,3.21,-0.7903543338435486,142,5600,-1.1469351626120905,-0.9956952372199199,0.6014246808953614
0.1635444462010287,-0.021529283993182997,plymouth,gas,std,two,hatchback,fwd,front,-0.8490713379948859,-1.3644506739819846,-0.9794119280435654,-1.2819383936642526,-1.2217728111865302,ohc,four,-0.9166611663441618,2bbl,2.97,3.23,-0.18695881789495328,68,5500,1.8274716558451485,1.4981032920308874,-0.9535105543766028
0.1635444462010287,-0.021529283993182997,plymouth,gas,turbo,two,hatchback,fwd,front,-0.8490713379948859,-1.3644506739819846,-0.9794119280435654,-1.2819383936642526,-0.8230638887698047,ohc,four,-0.7243093260566672,spdi,3.03,3.39,-0.6395054548563999,102,5500,-0.20764879888875193,-0.11553105042551742,-0.6586687245051102
0.1635444462010287,1.0557322965546037,plymouth,gas,std,four,hatchback,fwd,front,-0.8490713379948859,-1.3644506739819846,-0.9794119280435654,-1.3654537050489597,-1.1287407292892944,ohc,four,-0.9166611663441618,2bbl,2.97,3.23,-0.18695881789495328,68,5500,0.88818529212181,1.058021198633686,-0.8722899748270972
0.1635444462010287,1.0557322965546037,plymouth,gas,std,four,sedan,fwd,front,-0.8490713379948859,-0.5630782870232093,-0.9794119280435654,-1.2819383936642526,-1.0869712231313515,ohc,four,-0.9166611663441618,2bbl,2.97,3.23,-0.18695881789495328,68,5500,0.88818529212181,1.058021198633686,-0.8150523365753148
0.1635444462010287,1.0557322965546037,plymouth,gas,std,four,sedan,fwd,front,-0.8490713379948859,-0.5630782870232093,-0.9794119280435654,-1.2819383936642526,-0.7034512120447869,ohc,four,-0.7243093260566672,2bbl,2.97,3.23,-0.18695881789495328,68,5500,0.88818529212181,1.058021198633686,-0.7016896707505104
-1.4551262264553066,-1.406579887554623,plymouth,gas,std,four,wagon,fwd,front,0.7112930490681216,0.02192355545669556,-0.6051946509093766,2.476250618647654,-0.050328024847865006,ohc,four,-0.14725380519418316,2bbl,3.35,3.46,-0.4132321363756765,88,5000,-0.20764879888875193,-0.11553105042551742,-0.5394957584690016
1.7822151188573638,-0.20620269780137498,plymouth,gas,turbo,two,hatchback,rwd,front,-0.49148783262627926,-0.09026857871753347,0.1900170630007787,-1.5324843278183773,0.48697971345657953,ohc,four,0.6702415160276693,spdi,3.59,3.86,-0.7903543338435486,145,5000,-0.9903874353248674,-0.9956952372199199,-0.06441099863833231
1.7822151188573638,2.040657170198294,porsche,gas,std,two,hatchback,rwd,front,-0.7190409724063022,-0.4348587051098056,1.125560255836254,-1.5324843278183773,0.4110351568057747,ohc,four,0.5500216158479851,mpfi,3.94,3.11,-0.1618173380637619,143,5500,-0.9903874353248674,-0.5556131438227186,1.0796000259448093
1.7822151188573638,-0.20620269780137498,porsche,gas,std,two,hardtop,rwd,rear,-1.5317307573349523,-0.4348587051098056,-0.4180860123422789,-0.9478771481254147,0.36926565064783196,ohcf,six,1.583912757393269,mpfi,3.74,2.90,-0.1618173380637619,207,5900,-1.3034828898993138,-0.8490012060875195,2.3788820519193954
1.7822151188573638,-0.20620269780137498,porsche,gas,std,two,hardtop,rwd,rear,-1.5317307573349523,-0.4348587051098056,-0.4180860123422789,-0.9478771481254147,0.36926565064783196,ohcf,six,1.583912757393269,mpfi,3.74,2.90,-0.1618173380637619,207,5900,-1.3034828898993138,-0.8490012060875195,2.5643171650461203
1.7822151188573638,-0.20620269780137498,porsche,gas,std,two,convertible,rwd,rear,-1.5317307573349523,-0.4348587051098056,-0.4180860123422789,-0.9478771481254147,0.45280466296371735,ohcf,six,1.583912757393269,mpfi,3.74,2.90,-0.1618173380637619,207,5900,-1.3034828898993138,-0.8490012060875195,2.93518739129957
1.7822151188573638,0.9326166873491424,saab,gas,std,two,hatchback,fwd,front,0.028633629728055044,0.9835704198072261,0.28357138228432754,0.9312173580305384,0.18320148685336,ohc,four,-0.17129778523012,mpfi,3.54,3.07,-0.20958614974302556,110,5250,-0.6772919807504212,-0.4089191126903182,-0.17740279423688338
0.9728797825291965,-0.48321281851366304,saab,gas,std,four,sedan,fwd,front,0.028633629728055044,0.9835704198072261,0.28357138228432754,0.9312173580305384,0.25345020175535454,ohc,four,-0.17129778523012,mpfi,3.54,3.07,-0.21210029772614464,110,5250,-0.6772919807504212,-0.4089191126903182,-0.13784330343651538
1.7822151188573638,0.9326166873491424,saab,gas,std,two,hatchback,fwd,front,0.028633629728055044,0.9835704198072261,0.28357138228432754,0.9312173580305384,0.276233568750596,ohc,four,-0.17129778523012,mpfi,2.54,2.07,-0.21210029772614464,110,5250,-0.6772919807504212,-0.4089191126903182,0.21695587967928498
0.9728797825291965,-0.48321281851366304,saab,gas,std,four,sedan,fwd,front,0.028633629728055044,0.9835704198072261,0.28357138228432754,0.9312173580305384,0.37306287848037223,ohc,four,-0.17129778523012,mpfi,3.54,3.07,-0.21210029772614464,110,5250,-0.6772919807504212,-0.4089191126903182,0.2750588817923255
1.7822151188573638,0.9326166873491424,saab,gas,turbo,two,hatchback,fwd,front,0.028633629728055044,0.9835704198072261,0.28357138228432754,0.9312173580305384,0.46799357429387833,dohc,four,-0.17129778523012,mpfi,3.54,3.07,-0.28752473721971916,160,5500,-0.9903874353248674,-0.7023071749551192,0.6014246808953614
0.9728797825291965,-0.48321281851366304,saab,gas,turbo,four,sedan,fwd,front,0.028633629728055044,0.9835704198072261,0.28357138228432754,0.9312173580305384,0.5420395170284131,dohc,four,-0.17129778523012,mpfi,3.54,3.07,-0.28752473721971916,160,5500,-0.9903874353248674,-0.7023071749551192,0.6595276830084018
0.9728797825291965,-1.129569766842335,subaru,gas,std,two,hatchback,fwd,front,-0.8490713379948859,-1.396505569460336,-1.1665205666106597,-0.07096637858596928,-0.9711557742388742,ohcf,four,-0.748353306092604,2bbl,3.62,2.36,-0.28752473721971916,69,4900,0.88818529212181,0.764633136368885,-1.0096355819496248
0.9728797825291965,-1.129569766842335,subaru,gas,std,two,hatchback,fwd,front,-0.8490713379948859,-1.3163683307644587,-1.0729662473271109,-0.07096637858596928,-0.8382528000999656,ohcf,four,-0.4838695256972988,2bbl,3.62,2.64,-0.3629491767132938,73,4400,0.10544665568569431,0.031162980706882993,-0.7704242860161497
0.9728797825291965,-1.129569766842335,subaru,gas,std,two,hatchback,4wd,front,-0.9140865207891787,-1.3644506739819846,-0.9794119280435654,0.764186735261121,-0.610419130147551,ohcf,four,-0.4838695256972988,2bbl,3.62,2.64,-0.3629491767132938,73,4400,0.10544665568569431,0.031162980706882993,-0.7024314112030172
-0.6457908901271389,-0.5447706231163936,subaru,gas,std,four,sedan,fwd,front,-0.28018848854483064,-0.18643326515258563,-0.23097737377518118,-0.5720582468942247,-0.7907874521932127,ohcf,four,-0.4838695256972988,2bbl,3.62,2.64,-0.1618173380637619,82,4800,1.0447330194090332,0.9113271675012855,-0.7613997771773158
-0.6457908901271389,-0.5447706231163936,subaru,gas,std,four,sedan,fwd,front,-0.28018848854483064,-0.18643326515258563,-0.23097737377518118,-0.5720582468942247,-0.705349825961057,ohcf,four,-0.4838695256972988,2bbl,3.62,2.64,-0.1618173380637619,82,4400,0.41854211026014054,0.32455104297168386,-0.6811681848978194
-0.6457908901271389,-0.5447706231163936,subaru,gas,std,four,sedan,fwd,front,-0.28018848854483064,-0.18643326515258563,-0.23097737377518118,-0.5720582468942247,-0.4205577385205388,ohcf,four,-0.4838695256972988,mpfi,3.62,2.64,-0.28752473721971916,94,5200,0.10544665568569431,0.17785701183928343,-0.41105103677655674
-0.6457908901271389,-0.5447706231163936,subaru,gas,std,four,sedan,4wd,front,-0.31269607994197707,-0.18643326515258563,-0.23097737377518118,0.17957955556815544,-0.3351201122883833,ohcf,four,-0.4838695256972988,2bbl,3.62,2.64,-0.28752473721971916,82,4800,-0.20764879888875193,-0.8490012060875195,-0.5009252549386428
-0.6457908901271389,-0.5447706231163936,subaru,gas,turbo,four,sedan,4wd,front,-0.31269607994197707,-0.18643326515258563,-0.23097737377518118,0.17957955556815544,-0.09779337275461807,ohcf,four,-0.4838695256972988,mpfi,3.62,2.64,-0.6143639750252082,111,4800,-0.20764879888875193,-0.26222508155791785,-0.25046422880881297
-0.6457908901271389,-0.944896353034143,subaru,gas,std,four,wagon,fwd,front,-0.31269607994197707,-0.06622740710876929,-0.23097737377518118,-0.3632699684324521,-0.5154884343340449,ohcf,four,-0.4838695256972988,2bbl,3.62,2.64,-0.28752473721971916,82,4800,0.41854211026014054,0.17785701183928343,-0.7197386884281782
-0.6457908901271389,-0.944896353034143,subaru,gas,std,four,wagon,fwd,front,-0.31269607994197707,-0.06622740710876929,-0.23097737377518118,-0.3632699684324521,-0.20221713814947478,ohcf,four,-0.4838695256972988,mpfi,3.62,2.64,-0.28752473721971916,94,5200,-0.0511010716015288,0.031162980706882993,-0.3816286654937831
-0.6457908901271389,-1.0680119622396043,subaru,gas,std,four,wagon,4wd,front,-0.32894987564054917,-0.05821368323918199,-0.23097737377518118,0.4301254897222831,-0.26866862521892904,ohcf,four,-0.4838695256972988,2bbl,3.62,2.64,-0.28752473721971916,82,4800,-0.36419652617597503,-0.26222508155791785,-0.6517458136150457
-0.6457908901271389,-1.0680119622396043,subaru,gas,turbo,four,wagon,4wd,front,-0.32894987564054917,-0.05821368323918199,-0.23097737377518118,0.4301254897222831,0.168012575523199,ohcf,four,-0.4838695256972988,mpfi,3.62,2.64,-0.6143639750252082,111,4800,-0.36419652617597503,-1.1423892683523202,-0.19668804600206277
0.1635444462010287,-1.0064541576368737,toyota,gas,std,two,hatchback,fwd,front,-0.5239954240234257,-1.252258539807758,-1.0729662473271109,0.2630948669528656,-1.0945656787964322,ohc,four,-0.8685732062722881,2bbl,3.05,3.03,-0.28752473721971916,62,4800,1.5143762012707023,1.2047152297660866,-0.9812021979368604
0.1635444462010287,-1.0064541576368737,toyota,gas,std,two,hatchback,fwd,front,-0.5239954240234257,-1.252258539807758,-1.0729662473271109,0.2630948669528656,-0.9901419134015754,ohc,four,-0.8685732062722881,2bbl,3.05,3.03,-0.28752473721971916,62,4800,0.88818529212181,1.058021198633686,-0.8588150232732219
0.1635444462010287,-1.406579887554623,toyota,gas,std,four,hatchback,fwd,front,-0.5239954240234257,-1.252258539807758,-1.0729662473271109,0.2630948669528656,-1.0376072613083285,ohc,four,-0.8685732062722881,2bbl,3.05,3.03,-0.28752473721971916,62,4800,0.88818529212181,1.058021198633686,-0.8402715119605494
-0.6457908901271389,-1.314243180650527,toyota,gas,std,four,wagon,fwd,front,-0.5239954240234257,-0.37074891415310496,-1.0729662473271109,2.1839470288011738,-0.5344745734967461,ohc,four,-0.8685732062722881,2bbl,3.05,3.03,-0.28752473721971916,62,4800,0.88818529212181,0.9113271675012855,-0.787113446197555
-0.6457908901271389,-1.1911275714450655,toyota,gas,std,four,wagon,4wd,front,-0.5239954240234257,-0.37074891415310496,-1.0729662473271109,2.1839470288011738,-0.5154884343340449,ohc,four,-0.8685732062722881,2bbl,3.05,3.03,-0.28752473721971916,62,4800,0.26199438297291744,0.17785701183928343,-0.665962505621428
-0.6457908901271389,-0.8833385484314124,toyota,gas,std,four,wagon,4wd,front,-0.5239954240234257,-0.37074891415310496,-1.0729662473271109,2.1839470288011738,1.0413749770074552,ohc,four,-0.8685732062722881,2bbl,3.05,3.03,-0.28752473721971916,62,4800,0.26199438297291744,0.17785701183928343,-0.557173905920416
-0.6457908901271389,-0.8833385484314124,toyota,gas,std,four,sedan,fwd,front,-0.5239954240234257,-0.6432155257190868,-0.6987489701929187,-0.3632699684324521,-0.9122987428345004,ohc,four,-0.7243093260566672,2bbl,3.19,3.03,-0.28752473721971916,70,4800,0.7316375648345869,0.9113271675012855,-0.784640978022532
-0.6457908901271389,-0.8833385484314124,toyota,gas,std,four,hatchback,fwd,front,-0.5239954240234257,-0.6432155257190868,-0.6987489701929187,-0.4467852798171623,-0.859137553178937,ohc,four,-0.7243093260566672,2bbl,3.19,3.03,-0.28752473721971916,70,4800,0.7316375648345869,0.9113271675012855,-0.752498891747233
-0.6457908901271389,-0.8833385484314124,toyota,diesel,std,four,sedan,fwd,front,-0.5239954240234257,-0.6432155257190868,-0.6987489701929187,-0.3632699684324521,-0.5439676430780968,ohc,four,-0.43578156562542514,idi,3.27,3.35,3.106575039991129,56,4500,1.3578284739834794,0.764633136368885,-0.665962505621428
-0.6457908901271389,-0.8833385484314124,toyota,diesel,std,four,hatchback,fwd,front,-0.5239954240234257,-0.6432155257190868,-0.6987489701929187,-0.4467852798171623,-0.5439676430780968,ohc,four,-0.43578156562542514,idi,3.27,3.35,3.106575039991129,56,4500,1.9840193831323718,2.3782674788252898,-0.6795610805840545
-0.6457908901271389,-0.8833385484314124,toyota,gas,std,four,sedan,fwd,front,-0.5239954240234257,-0.6432155257190868,-0.6987489701929187,-0.3632699684324521,-0.8876167619229888,ohc,four,-0.7243093260566672,2bbl,3.19,3.03,-0.28752473721971916,70,4800,1.9840193831323718,2.3782674788252898,-0.685742251021612
-0.6457908901271389,-0.8833385484314124,toyota,gas,std,four,hatchback,fwd,front,-0.5239954240234257,-0.6432155257190868,-0.6987489701929187,-0.4467852798171623,-0.8344555722674254,ohc,four,-0.7243093260566672,2bbl,3.19,3.03,-0.28752473721971916,70,4800,0.41854211026014054,0.4712450741040842,-0.609095737595899
-0.6457908901271389,-0.8833385484314124,toyota,gas,std,four,sedan,fwd,front,-0.5239954240234257,-0.6432155257190868,-0.6987489701929187,-0.4467852798171623,-0.8002805217745632,ohc,four,-0.7243093260566672,2bbl,3.19,3.03,-0.28752473721971916,70,4800,0.41854211026014054,0.4712450741040842,-0.497834669719864
0.1635444462010287,1.4866369287737184,toyota,gas,std,two,sedan,rwd,front,-0.7190409724063022,-0.4508861528489825,-0.8858576087600165,-0.5303005912018695,-0.7452207182027296,ohc,four,-0.7243093260566672,2bbl,3.19,3.03,-0.28752473721971916,70,4800,0.5750898375473638,0.4712450741040842,-0.646182760221244
0.1635444462010287,1.4866369287737184,toyota,gas,std,two,hatchback,rwd,front,-0.7190409724063022,-0.4508861528489825,-0.8858576087600165,-0.5303005912018695,-0.6787692311332754,ohc,four,-0.7243093260566672,2bbl,3.19,3.03,-0.28752473721971916,70,4800,0.5750898375473638,0.4712450741040842,-0.623930546646037
0.1635444462010287,1.4866369287737184,toyota,gas,std,two,sedan,rwd,front,-0.7190409724063022,-0.4508861528489825,-0.8858576087600165,-0.5303005912018695,-0.562953782240798,dohc,four,-0.7243093260566672,mpfi,3.24,3.08,-0.18695881789495328,112,6600,0.10544665568569431,-0.26222508155791785,-0.49288973336981806
0.1635444462010287,1.4866369287737184,toyota,gas,std,two,hatchback,rwd,front,-0.7190409724063022,-0.4508861528489825,-0.8858576087600165,-0.5303005912018695,-0.49650229517134364,dohc,four,-0.7243093260566672,mpfi,3.24,3.08,-0.18695881789495328,112,6600,0.10544665568569431,-0.26222508155791785,-0.46322011526954204
0.9728797825291965,0.440154250527297,toyota,gas,std,two,hardtop,rwd,front,-0.08514294016195414,0.15014313737009918,-0.13742305449163897,-0.7808465253559972,-0.040834955266514386,ohc,four,0.4298017156683009,mpfi,3.62,3.50,-0.21210029772614464,116,4800,-0.20764879888875193,-0.11553105042551742,-0.5978460073995443
0.9728797825291965,0.440154250527297,toyota,gas,std,two,hardtop,rwd,front,-0.08514294016195414,0.15014313737009918,-0.13742305449163897,-0.7808465253559972,-0.048429410931594884,ohc,four,0.4298017156683009,mpfi,3.62,3.50,-0.21210029772614464,116,4800,-0.20764879888875193,-0.11553105042551742,-0.45073415098567593
0.9728797825291965,0.440154250527297,toyota,gas,std,two,hatchback,rwd,front,-0.08514294016195414,0.15014313737009918,-0.13742305449163897,-0.7808465253559972,-0.01995020218754305,ohc,four,0.4298017156683009,mpfi,3.62,3.50,-0.21210029772614464,116,4800,-0.20764879888875193,-0.11553105042551742,-0.4074659579227734
0.9728797825291965,0.440154250527297,toyota,gas,std,two,hardtop,rwd,front,-0.08514294016195414,0.15014313737009918,-0.13742305449163897,-0.7808465253559972,0.22307237909503258,ohc,four,0.4298017156683009,mpfi,3.62,3.50,-0.21210029772614464,116,4800,-0.20764879888875193,-0.11553105042551742,-0.257881633333882
0.9728797825291965,0.440154250527297,toyota,gas,std,two,hatchback,rwd,front,-0.08514294016195414,0.15014313737009918,-0.13742305449163897,-0.7808465253559972,0.28952386616448683,ohc,four,0.4298017156683009,mpfi,3.62,3.50,-0.21210029772614464,116,4800,-0.20764879888875193,-0.11553105042551742,-0.2146134402709795
0.9728797825291965,0.440154250527297,toyota,gas,std,two,convertible,rwd,front,-0.08514294016195414,0.15014313737009918,-0.13742305449163897,-0.3632699684324521,0.7850620983109887,ohc,four,0.4298017156683009,mpfi,3.62,3.50,-0.21210029772614464,116,4800,-0.20764879888875193,-0.11553105042551742,0.5419618212860583
-1.4551262264553066,-1.6835900082669109,toyota,gas,std,four,sedan,fwd,front,0.565008887780966,0.10206079415257312,0.28357138228432754,0.4301254897222831,-0.4471383333483205,ohc,four,-0.14725380519418316,mpfi,3.31,3.54,-0.3629491767132938,92,4200,0.5750898375473638,0.4712450741040842,-0.5361579264327205
-1.4551262264553066,-1.6835900082669109,toyota,diesel,turbo,four,sedan,fwd,front,0.565008887780966,0.10206079415257312,0.28357138228432754,0.4301254897222831,-0.1547517902427217,ohc,four,-0.43578156562542514,idi,3.27,3.35,3.106575039991129,73,4500,0.7316375648345869,0.32455104297168386,-0.3198169611182081
-1.4551262264553066,-1.6835900082669109,toyota,gas,std,four,hatchback,fwd,front,0.565008887780966,0.10206079415257312,0.28357138228432754,0.012548932798737965,-0.28006030871654974,ohc,four,-0.14725380519418316,mpfi,3.31,3.54,-0.3629491767132938,92,4200,0.26199438297291744,0.17785701183928343,-0.40758958133152456
-1.4551262264553066,-1.6835900082669109,toyota,gas,std,four,sedan,fwd,front,0.565008887780966,0.10206079415257312,0.28357138228432754,0.4301254897222831,-0.28006030871654974,ohc,four,-0.14725380519418316,mpfi,3.31,3.54,-0.3629491767132938,92,4200,0.26199438297291744,0.17785701183928343,-0.2950922793679781
-1.4551262264553066,-1.6835900082669109,toyota,gas,std,four,hatchback,fwd,front,0.565008887780966,0.10206079415257312,0.28357138228432754,0.012548932798737965,-0.19652129640066443,ohc,four,-0.14725380519418316,mpfi,3.31,3.54,-0.3629491767132938,92,4200,0.26199438297291744,0.17785701183928343,-0.25182408630507563
1.7822151188573638,2.3792250955133127,toyota,gas,std,two,hatchback,rwd,front,0.646277866273831,0.7351449798500063,0.844897297985614,-0.7808465253559972,0.7869607122272589,dohc,six,1.0309012165667217,mpfi,3.27,3.35,-0.21210029772614464,161,5200,-0.8338397080376443,-0.9956952372199199,0.40461621416353066
1.7822151188573638,2.3792250955133127,toyota,gas,std,two,hatchback,rwd,front,0.646277866273831,0.7351449798500063,0.844897297985614,-0.7808465253559972,0.8629052688780637,dohc,six,1.0309012165667217,mpfi,3.27,3.35,-0.21210029772614464,161,5200,-0.9903874353248674,-0.9956952372199199,0.3353871052628867
-1.4551262264553066,-0.9141174507327777,toyota,gas,std,four,sedan,rwd,front,0.9063385974509981,1.0797351062422806,0.28357138228432754,0.09606424418344818,1.0812458692491278,dohc,six,1.0309012165667217,mpfi,3.27,3.35,-0.23724177755733647,156,5200,-0.8338397080376443,-0.9956952372199199,0.2973110953675325
-1.4551262264553066,-0.20620269780137498,toyota,gas,std,four,wagon,rwd,front,0.9063385974509981,1.0797351062422806,0.28357138228432754,0.09606424418344818,1.1192181475745302,dohc,six,0.7904614162073534,mpfi,3.27,3.35,-0.23724177755733647,156,5200,-0.9903874353248674,-0.9956952372199199,0.3047284998926015
0.9728797825291965,0.070807422910913,volkswagen,diesel,std,two,sedan,fwd,front,-0.2639346928462586,-0.2104744367613498,-0.1842002141334101,0.764186735261121,-0.5705482379058784,ohc,four,-0.748353306092604,idi,3.01,3.40,3.2322824391470864,52,4800,1.8274716558451485,2.2315734476928895,-0.6811681848978194
0.9728797825291965,0.070807422910913,volkswagen,gas,std,two,sedan,fwd,front,-0.2639346928462586,-0.2104744367613498,-0.1842002141334101,0.764186735261121,-0.6692761615519247,ohc,four,-0.45982554566136197,mpfi,3.19,3.40,-0.28752473721971916,85,5250,0.26199438297291744,0.4712450741040842,-0.6564435031475895
0.9728797825291965,-0.7910018415273162,volkswagen,diesel,std,four,sedan,fwd,front,-0.2639346928462586,-0.2104744367613498,-0.1842002141334101,0.764186735261121,-0.5648523961570681,ohc,four,-0.748353306092604,idi,3.01,3.40,3.2322824391470864,52,4800,1.8274716558451485,2.2315734476928895,-0.6539710349725665
0.9728797825291965,-0.7910018415273162,volkswagen,gas,std,four,sedan,fwd,front,-0.2639346928462586,-0.2104744367613498,-0.1842002141334101,0.764186735261121,-0.6635803198031144,ohc,four,-0.45982554566136197,mpfi,3.19,3.40,-0.28752473721971916,85,5250,0.26199438297291744,0.4712450741040842,-0.6292463532223365
0.9728797825291965,-0.7910018415273162,volkswagen,gas,std,four,sedan,fwd,front,-0.2639346928462586,-0.2104744367613498,-0.1842002141334101,0.764186735261121,-0.5439676430780968,ohc,four,-0.45982554566136197,mpfi,3.19,3.40,-0.28752473721971916,85,5250,0.26199438297291744,0.4712450741040842,-0.5921593305969914
0.9728797825291965,-0.7910018415273162,volkswagen,diesel,turbo,four,sedan,fwd,front,-0.2639346928462586,-0.2104744367613498,-0.1842002141334101,0.764186735261121,-0.46042863076221135,ohc,four,-0.748353306092604,idi,3.01,3.40,3.2322824391470864,68,4500,1.8274716558451485,1.6447973231632875,-0.4685359218458415
0.9728797825291965,-0.7910018415273162,volkswagen,gas,std,four,sedan,fwd,front,-0.2639346928462586,-0.2104744367613498,-0.1842002141334101,0.764186735261121,-0.49650229517134364,ohc,four,-0.45982554566136197,mpfi,3.19,3.40,-0.03610993890780454,100,5500,0.10544665568569431,0.17785701183928343,-0.4067242174702665
1.7822151188573638,-0.20620269780137498,volkswagen,gas,std,two,convertible,fwd,front,-0.7190409724063022,-1.2041761965902296,-0.7923032894764677,0.7224290795687659,-0.5838385353197693,ohc,four,-0.45982554566136197,mpfi,3.19,3.40,-0.4132321363756765,90,5500,-0.20764879888875193,-0.26222508155791785,-0.20892676346842662
-0.6457908901271389,-0.20620269780137498,volkswagen,gas,std,four,sedan,fwd,front,0.23993297380950593,0.4706920921536094,0.4706800208514253,0.5136408011069933,0.18889732860217037,ohc,five,0.18936191530893254,mpfi,3.19,3.40,-0.4132321363756765,110,5500,-0.9903874353248674,-0.9956952372199199,0.001233031408528312
-0.6457908901271389,-0.20620269780137498,volkswagen,diesel,turbo,four,sedan,fwd,front,0.23993297380950593,0.4706920921536094,0.4706800208514253,0.5136408011069933,0.03321098746802037,ohc,four,-0.748353306092604,idi,3.01,3.40,3.2322824391470864,68,4500,1.201280746696256,1.058021198633686,0.06922590622166079
-0.6457908901271389,-0.20620269780137498,volkswagen,gas,std,four,wagon,fwd,front,0.23993297380950593,0.7030900843716548,0.4706800208514253,0.5136408011069933,0.002833164807698412,ohc,four,-0.45982554566136197,mpfi,3.19,3.40,-0.28752473721971916,88,5500,-0.0511010716015288,0.031162980706882993,-0.1230084943863774
-2.2644615627834748,-0.5139917208150283,volvo,gas,std,four,sedan,rwd,front,0.8738310060538518,1.1598723449381583,0.6110114997767452,0.9729750137228936,0.665449421585971,ohc,four,0.30958181548861674,mpfi,3.78,3.15,-0.1618173380637619,114,5400,-0.36419652617597503,-0.4089191126903182,-0.042653278698129925
-1.4551262264553066,-1.406579887554623,volvo,gas,std,four,wagon,rwd,front,0.8738310060538518,1.1598723449381583,0.6110114997767452,1.515824537723501,0.8970803193709259,ohc,four,0.30958181548861674,mpfi,3.78,3.15,-0.1618173380637619,114,5400,-0.36419652617597503,-0.4089191126903182,0.016067840458666306
-2.2644615627834748,-0.5139917208150283,volvo,gas,std,four,sedan,rwd,front,0.8738310060538518,1.1598723449381583,0.6110114997767452,0.9729750137228936,0.7091175416601838,ohc,four,0.30958181548861674,mpfi,3.78,3.15,-0.1618173380637619,114,5400,-0.20764879888875193,-0.4089191126903182,0.33378000094912175
-1.4551262264553066,-1.406579887554623,volvo,gas,std,four,wagon,rwd,front,0.8738310060538518,1.1598723449381583,0.6110114997767452,1.515824537723501,0.9122692307010869,ohc,four,0.30958181548861674,mpfi,3.78,3.15,-0.1618173380637619,114,5400,-0.20764879888875193,-0.4089191126903182,0.3993004075872312
-2.2644615627834748,-0.5139917208150283,volvo,gas,turbo,four,sedan,rwd,front,0.8738310060538518,1.1598723449381583,0.6110114997767452,0.9729750137228936,0.9179650724498972,ohc,four,0.04509803509331155,mpfi,3.62,3.15,-0.6646469346875913,162,5100,-1.3034828898993138,-1.2890832994847208,0.6348030012581719
-1.4551262264553066,-1.406579887554623,volvo,gas,turbo,four,wagon,rwd,front,0.8738310060538518,1.1598723449381583,0.6110114997767452,1.515824537723501,1.1306098310721509,ohc,four,0.04509803509331155,mpfi,3.62,3.15,-0.6646469346875913,162,5100,-1.3034828898993138,-1.2890832994847208,0.7003234078962813
-1.4551262264553066,-0.760222939225951,volvo,gas,std,four,sedan,rwd,front,1.6540131995853555,1.1598723449381583,1.4062232136869006,0.6806714238764108,0.7413939782367759,ohc,four,0.30958181548861674,mpfi,3.78,3.15,-0.1618173380637619,114,5400,-0.36419652617597503,-0.4089191126903182,0.4400961324751107
-1.4551262264553066,-0.760222939225951,volvo,gas,turbo,four,sedan,rwd,front,1.6540131995853555,1.1598723449381583,1.3594460540451228,0.6806714238764108,0.9255595281149778,ohc,four,0.30958181548861674,mpfi,3.78,3.15,-0.3629491767132938,160,5300,-0.9903874353248674,-0.8490012060875195,0.7120676317276405
-1.4551262264553066,-0.760222939225951,volvo,gas,std,four,sedan,rwd,front,1.6540131995853555,1.1598723449381583,1.4062232136869006,0.6806714238764108,0.8553108132129833,ohcv,six,1.0789891766385955,mpfi,3.58,2.87,-0.337807696882102,134,5500,-1.1469351626120905,-1.1423892683523202,1.0137087490804464
-1.4551262264553066,-0.760222939225951,volvo,diesel,turbo,four,sedan,rwd,front,1.6540131995853555,1.1598723449381583,1.4062232136869006,0.6806714238764108,1.2445266660483583,ohc,six,0.40575773563236406,idi,3.01,3.40,3.2322824391470864,106,4800,0.10544665568569431,-0.5556131438227186,1.1354778067003293
-1.4551262264553066,-0.760222939225951,volvo,gas,turbo,four,sedan,rwd,front,1.6540131995853555,1.1598723449381583,1.4062232136869006,0.6806714238764108,0.9502415090264893,ohc,four,0.30958181548861674,mpfi,3.78,3.15,-0.1618173380637619,114,5400,-0.9903874353248674,-0.8490012060875195,1.1546394350567575
